Workbook

Sheet Test Cases
A1: Epic | B1: Test Case ID | C1: Test Category | D1: Test Sub-category | E1: Feature / Module | F1: Test Description | G1: Platform / Type | H1: Preconditions | I1: Test Steps | J1: Expected Result | K1: Actual Result | L1: Status | M1: Priority | N1: Severity | O1: Tester | P1: Test Date | Q1: Comments
A2: EPIC-00 | B2: TC-CEPA-001-001 | C2: Functional | D2: Inicio de sesión | E2: Servicio de autenticación JWT | F2: Verificar que un usuario activo con credenciales válidas obtiene un token JWT firmado sobre SSL/TLS y es redirigido al panel de su rol | G2: Web/API | H2: Usuario activo existente (ej. perfil Administrativo) con credenciales conocidas; sistema desplegado con certificado TLS válido | I2: 1. Navegar a la pantalla de inicio de sesión por HTTPS. 2. Ingresar usuario 'admin.cepa' y contraseña válida 'Cepa2026!'. 3. Hacer clic en 'Ingresar'. 4. Inspeccionar la respuesta del endpoint /api/v1/auth/login (token emitido y firma). | J2: El sistema emite un token JWT firmado, lo entrega sobre conexión SSL/TLS y redirige al panel correspondiente al rol del usuario | M2: P0 | N2: Critical | Q2: S1
A3: EPIC-00 | B3: TC-CEPA-001-002 | C3: Functional | D3: Renovación de sesión | E3: Servicio de refresh de tokens | F3: Verificar que la sesión se renueva de forma transparente con el refresh token vigente cuando el token de acceso expira | G3: Web/API | H3: Sesión activa con access token expirado (expiración corta) y refresh token vigente | I3: 1. Iniciar sesión y esperar (o forzar) la expiración del access token. 2. Ejecutar una acción que requiere token (ej. GET /api/v1/usuarios/me). 3. Observar el flujo de renovación contra /api/v1/auth/refresh. | J3: El sistema renueva el JWT usando el refresh token sin solicitar credenciales nuevamente y la acción del usuario se completa de forma transparente | M3: P0 | N3: Critical | Q3: S1
A4: EPIC-00 | B4: TC-CEPA-001-003 | C4: Security | D4: Bloqueo por intentos fallidos | E4: Control de intentos de autenticación | F4: Verificar que la cuenta se bloquea temporalmente al alcanzar N intentos fallidos y el evento queda en el log de auditoría | G4: Web/API | H4: Usuario activo con N-1 intentos fallidos previos consecutivos; parámetro N configurado (ej. N=5) | I4: 1. En la pantalla de login, ingresar usuario 'admin.cepa' con contraseña errónea 'ClaveMala1'. 2. Confirmar el intento fallido N. 3. Intentar iniciar sesión con la contraseña correcta. 4. Consultar el log de auditoría con sesión Coordinación. | J4: La cuenta queda bloqueada temporalmente (rechaza incluso credenciales correctas durante el bloqueo) y el evento de bloqueo queda registrado en el log de auditoría | M4: P0 | N4: Critical | Q4: S3
A5: EPIC-00 | B5: TC-CEPA-001-004 | C5: Security | D5: Rechazo de acceso no autorizado | E5: Middleware de autorización API | F5: Verificar que la API rechaza peticiones sin cifrado o con token inválido/expirado con HTTP 401 sin exponer datos | G5: API | H5: Endpoint protegido disponible (ej. GET /api/v1/pacientes); token JWT expirado y token con firma alterada preparados | I5: 1. Llamar al endpoint protegido sin encabezado Authorization. 2. Llamar al endpoint con token expirado. 3. Llamar al endpoint con token de firma inválida. 4. Intentar conectarse al endpoint por HTTP plano (sin TLS). | J5: En todos los casos el sistema responde con código HTTP de no autorizado (401) o rechaza la conexión no cifrada, sin exponer datos sensibles en el cuerpo de la respuesta | M5: P0 | N5: Critical | Q5: S3
A6: EPIC-00 | B6: TC-CEPA-001-005 | C6: Business Rules | D6: Desbloqueo de cuenta | E6: Control de intentos de autenticación | F6: Verificar que una cuenta bloqueada se desbloquea por transcurso del tiempo configurado o por intervención de Coordinación | G6: Web | H6: Cuenta de usuario bloqueada temporalmente por N intentos fallidos; tiempo de bloqueo configurado (ej. 15 minutos); sesión Coordinación disponible | I6: 1. Con la cuenta bloqueada, esperar a que transcurra el tiempo de bloqueo configurado. 2. Iniciar sesión con credenciales correctas. 3. Bloquear nuevamente la cuenta. 4. Con sesión Coordinación, desbloquear manualmente la cuenta desde gestión de usuarios. 5. Iniciar sesión con credenciales correctas. | J6: En ambos escenarios (por tiempo y por intervención de Coordinación) el usuario recupera el acceso e inicia sesión correctamente tras el desbloqueo | M6: P0 | N6: Major | Q6: BR-3
A7: EPIC-00 | B7: TC-CEPA-001-006 | C7: Security | D7: Contenido del payload JWT | E7: Servicio de autenticación JWT | F7: Verificar que el payload del JWT solo porta identidad de usuario y rol, sin datos sensibles de salud mental | G7: API | H7: Usuario activo con acceso a módulos con datos clínicos; sesión iniciada correctamente | I7: 1. Iniciar sesión con usuario válido y capturar el token JWT emitido. 2. Decodificar el payload del JWT (Base64). 3. Revisar los claims presentes en el payload. | J7: El payload contiene únicamente identidad de usuario y rol (y claims técnicos estándar); no incluye ningún dato clínico ni sensible de salud mental de pacientes | M7: P0 | N7: Critical | Q7: BR-4
A8: EPIC-00 | B8: TC-CEPA-001-007 | C8: Business Rules | D8: Trazabilidad de login | E8: Motor de registro de auditoría | F8: Verificar que todo intento de inicio de sesión (éxito y fallo) genera traza en el log de auditoría | G8: Web | H8: Usuario activo existente; acceso al log de auditoría con sesión Coordinación | I8: 1. Realizar un inicio de sesión exitoso con 'admin.cepa'. 2. Cerrar sesión y realizar un intento fallido con contraseña errónea. 3. Con sesión Coordinación, abrir el log de auditoría y filtrar por el usuario y la fecha actual. | J8: El log muestra una traza por el login exitoso y otra por el intento fallido, cada una con usuario, tipo de evento y fecha/hora | M8: P0 | N8: Major | Q8: BR-5
A9: EPIC-00 | B9: TC-CEPA-001-008 | C9: Security | D9: Mensaje de error genérico | E9: Servicio de autenticación JWT | F9: Verificar que ante una contraseña incorrecta el sistema rechaza el acceso con mensaje genérico sin revelar qué campo falló | G9: Web | H9: Usuario activo existente 'admin.cepa' | I9: 1. Navegar a la pantalla de inicio de sesión. 2. Ingresar usuario 'admin.cepa' y contraseña errónea 'ClaveMala1'. 3. Hacer clic en 'Ingresar'. 4. Leer el mensaje de error mostrado. | J9: El sistema rechaza el acceso mostrando un mensaje genérico (ej. 'Credenciales inválidas') sin revelar si el error fue en el usuario o en la contraseña | M9: P0 | N9: Major | Q9: TC-legacy
A10: EPIC-00 | B10: TC-CEPA-002-001 | C10: Functional | D10: Alta de usuario | E10: Módulo de gestión de usuarios | F10: Verificar que Coordinación crea un usuario asignándole un perfil válido y este queda habilitado y visible en el listado | G10: Web | H10: Sesión iniciada con perfil Coordinación; módulo de gestión de usuarios disponible | I10: 1. Abrir el módulo de gestión de usuarios. 2. Hacer clic en 'Crear usuario'. 3. Ingresar datos válidos: nombre 'María Pérez', RUT 12.345.678-5, correo 'maria.perez@utalca.cl'. 4. Asignar el perfil 'Administrativo'. 5. Hacer clic en 'Guardar'. 6. Buscar al usuario en el listado e iniciar sesión con la nueva cuenta. | J10: El usuario queda creado y habilitado con los permisos del perfil Administrativo y aparece en el listado de usuarios | M10: P0 | N10: Critical | Q10: S1
A11: EPIC-00 | B11: TC-CEPA-002-002 | C11: Business Rules | D11: Catálogo cerrado de perfiles | E11: Módulo de gestión de usuarios | F11: Verificar que el sistema solo ofrece los perfiles Coordinación, Administrativo y Auditor y no existe el perfil Clínico | G11: Web/API | H11: Sesión iniciada con perfil Coordinación en el formulario de alta de usuario | I11: 1. Abrir el formulario de creación de usuario. 2. Desplegar el selector de perfil y revisar las opciones disponibles. 3. Intentar crear un usuario vía API POST /api/v1/usuarios con rol 'Clinico'. | J11: El selector ofrece únicamente Coordinación, Administrativo y Auditor; el perfil 'Clínico' no está disponible y la API rechaza el rol no permitido con error de validación | M11: P0 | N11: Major | Q11: S4
A12: EPIC-00 | B12: TC-CEPA-002-003 | C12: Security | D12: RBAC solo lectura Auditor | E12: Motor de permisos RBAC | F12: Verificar que el perfil Auditor solo puede leer datos clínicos y toda acción de edición está bloqueada | G12: Web/API | H12: Usuario con perfil Auditor autenticado; existe al menos un registro con datos clínicos (ej. ingreso de paciente) | I12: 1. Iniciar sesión como Auditor. 2. Abrir un módulo con datos clínicos (ej. Ingresos). 3. Verificar la disponibilidad de botones de edición/eliminación en la UI. 4. Intentar editar el registro vía API PUT /api/v1/ingresos/{id} con el token del Auditor. | J12: El sistema permite solo lectura: los controles de edición están deshabilitados/ocultos en la UI y la API responde con código de acceso prohibido sin modificar datos | M12: P0 | N12: Critical | Q12: S3
A13: EPIC-00 | B13: TC-CEPA-002-004 | C13: Security | D13: RBAC gestión de usuarios | E13: Motor de permisos RBAC | F13: Verificar que el perfil Administrativo no puede acceder a la gestión de usuarios ni crear/editar usuarios | G13: Web/API | H13: Usuario con perfil Administrativo autenticado | I13: 1. Iniciar sesión como Administrativo. 2. Intentar abrir el módulo de gestión de usuarios desde el menú. 3. Intentar crear un usuario vía API POST /api/v1/usuarios con el token del Administrativo. | J13: El sistema deniega la operación por falta de permisos tanto en la UI (módulo no accesible) como en la API (código de acceso prohibido) | M13: P0 | N13: Critical | Q13: S3
... A403: EPIC-12 | B403: TC-CEPA-122-007 | C403: Security | D403: Scope IMED | E403: Autorización RBAC de la API | F403: Verificar que un token sin scope IMED recibe 403 Forbidden al intentar enviar una receta electrónica a los endpoints IMED. | G403: API | H403: Endpoints IMED desplegados en QA; JWT válido de un cliente sin scope/permiso IMED; payload de receta electrónica válido para el folio 2026-0001. | I403: 1. Enviar POST a /api/v1/imed/recetas con el payload de receta usando el JWT sin scope IMED. 2. Inspeccionar el código HTTP y el cuerpo de la respuesta. 3. Consultar en el CEPA las recetas del folio 2026-0001 y verificar que no se agregó ninguna. | J403: La API responde 403 Forbidden con JSON de error; ninguna receta queda persistida. | M403: P2 | N403: Major | Q403: TC-legacy

Sheet RTM
A1: US ID | B1: Source | C1: Source ID | D1: Source Description | E1: TC ID | F1: Business Rule(s)
A2: CEPA-001 | B2: AC | C2: CA-1 | D2: Dado usuario activo en login, cuando ingresa credenciales válidas, entonces se emite JWT firmado sobre SSL/TLS y se redirige al panel de su rol | E2: TC-CEPA-001-001 | F2: RN-1, RN-2
A3: CEPA-001 | B3: AC | C3: CA-2 | D3: Dado JWT expirado con refresh vigente, cuando el usuario opera, entonces la sesión se renueva sin pedir credenciales | E3: TC-CEPA-001-002 | F3: RN-1
A4: CEPA-001 | B4: AC | C4: CA-3 | D4: Dado credenciales incorrectas reiteradas, cuando alcanza N intentos fallidos, entonces la cuenta se bloquea temporalmente y se registra en auditoría | E4: TC-CEPA-001-003 | F4: RN-3, RN-5
A5: CEPA-001 | B5: AC | C5: CA-4 | D5: Dado cliente sin cifrado o con token inválido/expirado, cuando envía la petición, entonces se rechaza con HTTP no autorizado sin exponer datos | E5: TC-CEPA-001-004 | F5: RN-2
A6: CEPA-001 | B6: BR | C6: RN-3 | D6: Tras N intentos fallidos la cuenta se bloquea temporalmente; el desbloqueo es por tiempo o por intervención de Coordinación | E6: TC-CEPA-001-005 | F6: RN-3
A7: CEPA-001 | B7: BR | C7: RN-4 | D7: Los datos sensibles de salud mental nunca se incluyen en el payload del JWT; solo identidad de usuario y rol | E7: TC-CEPA-001-006 | F7: RN-4
A8: CEPA-001 | B8: BR | C8: RN-5 | D8: Todo intento de inicio de sesión (éxito, fallo, bloqueo) genera traza en el log de auditoría | E8: TC-CEPA-001-007 | F8: RN-5, RN-3
A9: CEPA-001 | B9: TC | C9: TC-001-03 | D9: Negativo: contraseña incorrecta rechazada con mensaje genérico sin revelar el campo fallido | E9: TC-CEPA-001-008
A10: CEPA-002 | B10: AC | C10: CA-1 | D10: Dado Coordinación en gestión de usuarios, cuando crea un usuario con uno de los 3 perfiles, entonces queda habilitado con esos permisos y visible en el listado | E10: TC-CEPA-002-001 | F10: RN-1, RN-4
A11: CEPA-002 | B11: AC | C11: CA-2 | D11: Dado los 3 perfiles operativos, cuando Coordinación revisa los perfiles disponibles, entonces el sistema no ofrece el perfil Clínico (v4 D1) | E11: TC-CEPA-002-002 | F11: RN-1
A12: CEPA-002 | B12: AC | C12: CA-3 | D12: Dado un Auditor con sesión, cuando abre un módulo con datos clínicos, entonces solo lectura y edición bloqueada | E12: TC-CEPA-002-003 | F12: RN-2, RN-3
A13: CEPA-002 | B13: AC | C13: CA-4 | D13: Dado un Administrativo, cuando solicita crear o editar un usuario, entonces el sistema deniega por falta de permisos | E13: TC-CEPA-002-004 | F13: RN-4, RN-5
A14: CEPA-002 | B14: AC | C14: CA-5 | D14: Dado un usuario que deja el CEPA, cuando Coordinación lo desactiva, entonces pierde el acceso de inmediato y el cambio queda en auditoría | E14: TC-CEPA-002-005 | F14: RN-4, RN-7
A15: CEPA-002 | B15: BR | C15: RN-2 | D15: Permisos diferenciados por módulo: edición (CRUD) vs. solo lectura según la función del usuario | E15: TC-CEPA-002-006 | F15: RN-2, RN-5
A16: CEPA-002 | B16: BR | C16: RN-3 | D16: El Auditor tiene lectura total y acceso al módulo de Auditoría y reportes de cumplimiento, sin edición de datos clínicos | E16: TC-CEPA-002-007 | F16: RN-3, RN-2
A17: CEPA-002 | B17: BR | C17: RN-6 | D17: La cantidad de usuarios por perfil queda abierta; no hay límite fijo de cupos por perfil | E17: TC-CEPA-002-008 | F17: RN-6
A18: CEPA-002 | B18: BR | C18: RN-7 | D18: Toda alta, baja o cambio de rol de un usuario se registra en el log de auditoría | E18: TC-CEPA-002-009 | F18: RN-7
A19: CEPA-003 | B19: AC | C19: CA-1 | D19: Dado una operación CRUD sobre cualquier registro, cuando se confirma, entonces se registra traza con usuario, operación, registro y fecha/hora | E19: TC-CEPA-003-001 | F19: RN-1, RN-2
A20: CEPA-003 | B20: AC | C20: CA-2 | D20: Dado una traza existente, cuando cualquier usuario intenta modificarla o eliminarla, entonces el sistema lo impide: log inmutable | E20: TC-CEPA-003-002 | F20: RN-3
A21: CEPA-003 | B21: AC | C21: CA-3 | D21: Dado acceso al log, cuando Auditor/Coordinación aplica filtros por usuario, módulo, operación y fechas, entonces se muestran las trazas que cumplen los criterios | E21: TC-CEPA-003-003 | F21: RN-4, RN-5
... A32: CEPA-010 | B32: BR | C32: RN-7 | D32: Campos del formulario §7.1.1: folio, mes y fecha de ingreso, fecha DIEP/DIAT, datos del paciente, tipo de derivación, razón social | E32: TC-CEPA-010-007 | F32: RN-7
A33: CEPA-010 | B33: TC | C33: TC-010-06 | D33: Usuario perfil Auditor intenta abrir/guardar formulario de nuevo ingreso; acceso denegado | E33: TC-CEPA-010-008
A34: CEPA-010 | B34: PLANILLA | C34: Ingresos | D34: Hoja 'Ingresos' del Excel CEPA: 846+ registros, 27 columnas (A1:AA846) | E34: TC-CEPA-010-009 | F34: RN-7
A35: CEPA-010 | B35: PLANILLA | C35: Ingresos | D35: Columnas tipo lista de la hoja 'Ingresos' (SI/NO, estados, tipos de alta) deben ser catálogos cerrados | E35: TC-CEPA-010-010 | F35: RN-6
A36: CEPA-010 | B36: PLANILLA | C36: Ingresos | D36: La planilla histórica contiene celdas vacías y valores 'S/D' en columnas no obligatorias | E36: TC-CEPA-010-011 | F36: RN-2
A37: CEPA-011 | B37: AC | C37: CA-1 | D37: Dado un ingreso nuevo sin folio, cuando guarda, el sistema asigna un folio secuencial automático único | E37: TC-CEPA-011-001 | F37: RN-1
A38: CEPA-011 | B38: AC | C38: CA-2 | D38: Dado un reingreso tras alta, cuando se usa folio manual con el folio anterior, el sistema lo acepta y vincula el reingreso | E38: TC-CEPA-011-002 | F38: RN-2, RN-3
A39: CEPA-011 | B39: AC | C39: CA-3 | D39: Dado un ingreso recibido después de las 15:00 lun-jue, cuando se registra, se permite asignar la fecha del día hábil siguiente | E39: TC-CEPA-011-003 | F39: RN-2
A40: CEPA-011 | B40: AC | C40: CA-4 | D40: Dado un mismo RUT con DIAT 2020 y DIEP 2026, cuando se registra el segundo caso, se diferencia reingreso de nueva denuncia por número de siniestro | E40: TC-CEPA-011-004 | F40: RN-4
A41: CEPA-011 | B41: BR | C41: RN-2 | D41: Opción de folio manual para tres casos v4 D2: reingresos, folios pre-asignados del Excel, e ingresos posteriores a las 15:00 | E41: TC-CEPA-011-005 | F41: RN-2
A42: CEPA-011 | B42: BR | C42: RN-3 | D42: Un folio manual no puede colisionar con un folio ya emitido salvo reingreso explícito del mismo paciente | E42: TC-CEPA-011-006 | F42: RN-1, RN-3
A43: CEPA-011 | B43: BR | C43: RN-5 | D43: El contador secuencial automático debe continuar sin saltos no controlados tras un ingreso manual | E43: TC-CEPA-011-007 | F43: RN-1, RN-5
A44: CEPA-011 | B44: TC | C44: TC-011-06 | D44: Usuario perfil Auditor intenta editar folio manualmente; acceso denegado | E44: TC-CEPA-011-008
A45: CEPA-012 | B45: AC | C45: CA-1 | D45: Dado un RUT, nombre o folio existente, cuando se busca, se muestra el paciente con todas sus dimensiones en una sola pantalla | E45: TC-CEPA-012-001 | F45: RN-1, RN-3
A46: CEPA-012 | B46: AC | C46: CA-2 | D46: Dado el estado completo de un caso, cuando se ejecuta la búsqueda, se presenta el consolidado en menos de 10 segundos (OU3) | E46: TC-CEPA-012-002 | F46: RN-2
A47: CEPA-012 | B47: AC | C47: CA-3 | D47: Dado un término sin coincidencias, cuando se busca, el sistema informa que no hay resultados sin error | E47: TC-CEPA-012-003 | F47: RN-5
A48: CEPA-012 | B48: AC | C48: CA-4 | D48: Dado un nombre parcial con coincidencias múltiples, cuando se busca, se listan los pacientes coincidentes para seleccionar | E48: TC-CEPA-012-004 | F48: RN-1
A49: CEPA-012 | B49: BR | C49: RN-4 | D49: El acceso a la vista 360° respeta RBAC; el perfil Auditor accede en solo lectura | E49: TC-CEPA-012-005 | F49: RN-4
A50: CEPA-013 | B50: AC | C50: CA-1 | D50: Dado un ingreso, cuando se registra primera acogida y estado de consentimiento, el sistema guarda fecha y estado en el caso | E50: TC-CEPA-013-001 | F50: RN-1
A51: CEPA-013 | B51: AC | C51: CA-2 | D51: Dado un ingreso en evaluación, cuando se registran evaluación médica y psicológica, el sistema actualiza el avance del proceso | E51: TC-CEPA-013-002 | F51: RN-1, RN-2
A52: CEPA-013 | B52: AC | C52: CA-3 | D52: Dado un plazo de informe por programa, cuando la evaluación no se realiza dentro del plazo, el validador indica incumplimiento (v4 D10) | E52: TC-CEPA-013-003 | F52: RN-3
A53: CEPA-013 | B53: AC | C53: CA-4 | D53: Dado un ingreso en proceso, cuando se registran obstaculización, plazos de informe y RECA EP/EC, el sistema los almacena y muestra | E53: TC-CEPA-013-004 | F53: RN-1
A54: CEPA-013 | B54: BR | C54: RN-2 | D54: Estados de evaluación válidos: realizada / pendiente / no aplica | E54: TC-CEPA-013-005 | F54: RN-2
A55: CEPA-013 | B55: BR | C55: RN-3 | D55: El validador de plazos por programa calcula si la evaluación se realizó dentro del plazo y expone un estado de cumplimiento (v4 D10) | E55: TC-CEPA-013-006 | F55: RN-3
A56: CEPA-013 | B56: BR | C56: RN-4 | D56: El registro de cada hito queda con trazabilidad (quién y cuándo) en el log de auditoría | E56: TC-CEPA-013-007 | F56: RN-4
... A64: CEPA-014 | B64: TC | C64: TC-014-05 | D64: Cerrar caso con flag de revisión activo; el caso cerrado conserva el flag | E64: TC-CEPA-014-007 | F64: RN-3
A65: CEPA-014 | B65: TC | C65: TC-014-06 | D65: Usuario perfil Auditor intenta cerrar/dar de alta un caso; acceso denegado | E65: TC-CEPA-014-008
A66: CEPA-015 | B66: AC | C66: CA-1 | D66: Dado un paciente/ingreso, cuando se registra una ODA con fecha de vencimiento, el sistema la guarda vinculada al folio | E66: TC-CEPA-015-001 | F66: RN-1, RN-2
A67: CEPA-015 | B67: AC | C67: CA-2 | D67: Dada una ODA con vencimiento próximo, cuando corre el proceso de alertas, se genera alerta visible de 'ODA por vencer' | E67: TC-CEPA-015-002 | F67: RN-3
A68: CEPA-015 | B68: AC | C68: CA-3 | D68: Dada una ODA existente, cuando se registra una ODA actualizada, se conserva el historial y se refleja la vigente | E68: TC-CEPA-015-003 | F68: RN-5
A69: CEPA-015 | B69: BR | C69: RN-2 | D69: Cada ODA registra al menos documento/identificador y fecha de vencimiento, vinculada al folio del paciente | E69: TC-CEPA-015-004 | F69: RN-2
A70: CEPA-015 | B70: BR | C70: RN-4 | D70: El reporte de ODAS vencidas queda fuera de esta historia (corresponde a EPIC-09) | E70: TC-CEPA-015-005 | F70: RN-3, RN-4
A71: CEPA-015 | B71: TC | C71: TC-015-03 | D71: ODA que vence hoy; alerta generada en el límite de vigencia | E71: TC-CEPA-015-006 | F71: RN-3
A72: CEPA-015 | B72: TC | C72: TC-015-06 | D72: Usuario perfil Auditor intenta registrar/editar ODA; acceso denegado | E72: TC-CEPA-015-007
A73: CEPA-016 | B73: AC | C73: CA-1 | D73: Dado un ingreso sin consentimiento firmado, cuando se intenta iniciar tratamiento, el sistema bloquea e indica obligatoriedad | E73: TC-CEPA-016-001 | F73: RN-1, RN-2
A74: CEPA-016 | B74: AC | C74: CA-2 | D74: Dado un ingreso con consentimiento firmado, cuando se inicia tratamiento, el validador marca cumplido y permite continuar | E74: TC-CEPA-016-002 | F74: RN-1, RN-2
A75: CEPA-016 | B75: AC | C75: CA-3 | D75: Dado un ingreso con consentimiento pendiente, cuando corren las alertas de protocolo, se genera alerta de consentimiento pendiente | E75: TC-CEPA-016-003 | F75: RN-3
A76: CEPA-016 | B76: AC | C76: CA-4 | D76: Dado el formulario de consentimiento, cuando se registra el estado, el sistema permite indicar/adjuntar la evidencia según el mecanismo definido | E76: TC-CEPA-016-004 | F76: RN-4
A77: CEPA-016 | B77: BR | C77: RN-5 | D77: El estado del consentimiento y su evidencia quedan en el log de auditoría | E77: TC-CEPA-016-005 | F77: RN-5
A78: CEPA-016 | B78: TC | C78: TC-016-04 | D78: Consentimiento marcado firmado sin evidencia adjunta; comportamiento según mecanismo definido (nota D9) | E78: TC-CEPA-016-006 | F78: RN-4
A79: CEPA-016 | B79: TC | C79: TC-016-05 | D79: Usuario perfil Auditor intenta cambiar estado de consentimiento; acceso denegado (solo lectura) | E79: TC-CEPA-016-007
A80: CEPA-020 | B80: AC | C80: CA-1 | D80: Dado formulario de nuevo registro farmacológico, cuando selecciona un folio existente, entonces el sistema pre-llena los datos básicos heredados y permite confirmarlos. | E80: TC-CEPA-020-001 | F80: RN-1, RN-2
A81: CEPA-020 | B81: AC | C81: CA-2 | D81: Dado que completa médico tratante y estado del caso, cuando guarda, entonces el registro queda vinculado al folio y visible desde Ingresos. | E81: TC-CEPA-020-002 | F81: RN-1, RN-3
A82: CEPA-020 | B82: AC | C82: CA-3 | D82: Dado que intenta crear un registro sin folio asociado, cuando hace clic en guardar, entonces el sistema muestra error de campo obligatorio sin perder los datos ingresados. | E82: TC-CEPA-020-003 | F82: RN-1
A83: CEPA-020 | B83: BR | C83: RN-3 | D83: Médico tratante asignado y estado del caso farmacológico son campos obligatorios. | E83: TC-CEPA-020-004 | F83: RN-3
A84: CEPA-020 | B84: BR | C84: RN-4 | D84: Un folio puede tener a lo sumo un registro farmacológico activo; un reingreso con el mismo folio reutiliza/reactiva el registro asociado. | E84: TC-CEPA-020-005 | F84: RN-4
A85: CEPA-020 | B85: BR | C85: RN-5 | D85: RBAC — solo Administrativo (y Coordinación) puede crear/editar; Auditor solo lectura; el perfil Clínico no existe (D1). | E85: TC-CEPA-020-006 | F85: RN-5
A86: CEPA-020 | B86: BR | C86: RN-6 | D86: Toda operación CRUD queda registrada en el log de auditoría (quién, qué, cuándo). | E86: TC-CEPA-020-007 | F86: RN-6
A87: CEPA-020 | B87: PLANILLA | C87: Gestión de Fármacos | D87: Hoja 'Gestión de Fármacos' (21 columnas): columnas base Folio, Mes, Región de derivación, Fecha Ingreso, Nombre del paciente, Rut, Médico Tratante, Estado. | E87: TC-CEPA-020-008 | F87: RN-2, RN-3
A88: CEPA-021 | B88: AC | C88: CA-1 | D88: Dado el registro farmacológico de un folio, cuando ingresa antecedentes previos de SM y tratamiento previo, entonces el sistema guarda el historial estructurado vinculado al folio. | E88: TC-CEPA-021-001 | F88: RN-4
A89: CEPA-021 | B89: AC | C89: CA-2 | D89: Dado que registra una indicación actual, cuando especifica medicamento, dosis y frecuencia y guarda, entonces se crea una entrada del esquema farmacológico vigente. | E89: TC-CEPA-021-002 | F89: RN-1
A90: CEPA-021 | B90: AC | C90: CA-3 | D90: Dado un medicamento fuera del catálogo, cuando se marca como fármaco extra-sistema y guarda, entonces el sistema acepta el registro y lo identifica como extra-sistema. | E90: TC-CEPA-021-003 | F90: RN-3
A91: CEPA-021 | B91: BR | C91: RN-1 | D91: Cada entrada de indicación actual del esquema requiere medicamento, dosis y frecuencia. | E91: TC-CEPA-021-004 | F91: RN-1
... A177: CEPA-051 | B177: AC | C177: CA-3 | D177: Dado un reporte descargado, cuando la contraparte verifica un dato, entonces cada fila es trazable a su folio y nº de siniestro y hasta su módulo fuente. | E177: TC-CEPA-051-003 | F177: RN-3
A178: CEPA-051 | B178: AC | C178: CA-4 | D178: Dado filtros sin coincidencias, cuando el Auditor ejecuta el reporte, entonces ve un resultado vacío con mensaje claro, sin error ni filas espurias. | E178: TC-CEPA-051-004
A179: CEPA-051 | B179: AC | C179: CA-5 | D179: Dado un perfil sin permiso de auditoría, cuando intenta generar o descargar un reporte, entonces el sistema deniega la acción por RBAC. | E179: TC-CEPA-051-005 | F179: RN-7
A180: CEPA-051 | B180: BR | C180: RN-1 | D180: Los reportes son de solo lectura: el Auditor genera y descarga, no edita datos clínicos (D1 · PRD §5.3). | E180: TC-CEPA-051-006 | F180: RN-1, RN-7
A181: CEPA-051 | B181: BR | C181: RN-2 | D181: Los filtros son combinables (AND); un período es obligatorio para acotar el universo del reporte. | E181: TC-CEPA-051-007 | F181: RN-2
A182: CEPA-051 | B182: BR | C182: RN-5 | D182: La generación de cada reporte se registra en el log de auditoría (EPIC-00): quién generó qué reporte, con qué filtros y cuándo. | E182: TC-CEPA-051-008 | F182: RN-5
A183: CEPA-051 | B183: BR | C183: RN-6 | D183: Filtros y dimensiones alineados a D5: diagnósticos, tipos de alta, profesional, programa, estado del caso, zona geográfica. | E183: TC-CEPA-051-009 | F183: RN-6, RN-2
A184: CEPA-051 | B184: TC | C184: TC-051-05 | D184: Borde: período amplio (anual) con alto volumen (~800 casos) → reporte paginado/completo en <2 s y descarga íntegra. | E184: TC-CEPA-051-010 | F184: RN-4
A185: CEPA-060 | B185: AC | C185: CA-1 | D185: Dado un administrativo en el formulario de nuevo control, cuando ingresa folio, región, fecha ingreso, paciente, RUT y médico y guarda, entonces el control se persiste vinculado al folio y se muestra en la vista de gestión. | E185: TC-CEPA-060-001 | F185: RN-1, RN-5
A186: CEPA-060 | B186: AC | C186: CA-2 | D186: Dado un control con fecha de ingreso y fecha de control, cuando se guarda, entonces el sistema calcula automáticamente la semana del control y la muestra solo lectura. | E186: TC-CEPA-060-002 | F186: RN-3
A187: CEPA-060 | B187: AC | C187: CA-3 | D187: Dado que se ingresa un RUT con DV inválido, cuando hace clic en guardar, entonces se muestra error específico sin perder los datos ingresados. | E187: TC-CEPA-060-003 | F187: RN-2
A188: CEPA-060 | B188: AC | C188: CA-4 | D188: Dado un folio que no corresponde a ningún paciente con ingreso, cuando intenta guardar, entonces el sistema bloquea e informa que debe asociarse a un folio existente. | E188: TC-CEPA-060-004 | F188: RN-1
A189: CEPA-060 | B189: BR | C189: RN-4 | D189: Borde: si fecha_control = fecha_ingreso, la semana del control es 1. | E189: TC-CEPA-060-005 | F189: RN-3, RN-4
A190: CEPA-060 | B190: BR | C190: RN-4 | D190: Si fecha_control < fecha_ingreso, el sistema rechaza el registro. | E190: TC-CEPA-060-006 | F190: RN-4
... A192: CEPA-060 | B192: BR | C192: RN-6 | D192: Coordinación y Administrativo pueden crear/editar; Auditor solo lectura. | E192: TC-CEPA-060-008 | F192: RN-6
A193: CEPA-060 | B193: PLANILLA | C193: Controles Médicos | D193: Hoja «Controles Médicos» (24 columnas): Folio, Región de derivación, Fecha Ingreso, Paciente, Rut, Médico Tratante, Semana Control, Día Próximo Control, Agenda Salutem, Licencia Si/No, Resumen (Término LM), Total días de LM, Tipo Licencia, Tipo Reposo, GAF, RECA, fechas RECA EP/EC, Fecha Cierre EC, Observaciones generales. | E193: TC-CEPA-060-009
A194: CEPA-061 | B194: AC | C194: CA-1 | D194: Dado un control registrado, cuando el administrativo ingresa el día del próximo control y guarda, entonces el sistema almacena la fecha asociada al folio. | E194: TC-CEPA-061-001 | F194: RN-1
A195: CEPA-061 | B195: AC | C195: CA-2 | D195: Dado que programa un próximo control, cuando indica el estado de agenda (sí/no), entonces se persiste; por defecto 'no' hasta confirmar la agenda en SALUTEM/SAM. | E195: TC-CEPA-061-002 | F195: RN-2
A196: CEPA-061 | B196: AC | C196: CA-3 | D196: Dado un próximo control dentro de la ventana de alerta, cuando el sistema ejecuta su revisión programada, entonces se genera una alerta in-app para el administrativo asignado. | E196: TC-CEPA-061-003 | F196: RN-3
A197: CEPA-061 | B197: AC | C197: CA-4 | D197: Dado que ingresa un próximo control anterior a la fecha del control actual, cuando intenta guardar, entonces el sistema rechaza e informa que debe ser posterior. | E197: TC-CEPA-061-004 | F197: RN-1
A198: CEPA-061 | B198: BR | C198: RN-4 | D198: Un folio puede tener a lo más un próximo control vigente; programar uno nuevo reemplaza/cierra el anterior pendiente. | E198: TC-CEPA-061-005 | F198: RN-4
A199: CEPA-061 | B199: BR | C199: RN-5 | D199: Coordinación y Administrativo pueden programar/editar; Auditor solo lectura. | E199: TC-CEPA-061-006 | F199: RN-5
A200: CEPA-062 | B200: AC | C200: CA-1 | D200: Dado un control con Licencia=sí, cuando ingresa término LM, total días, tipo de licencia, tipo de reposo y GAF y guarda, entonces se persisten asociados al control. | E200: TC-CEPA-062-001 | F200: RN-1, RN-2, RN-4
A201: CEPA-062 | B201: AC | C201: CA-2 | D201: Dado un control con Licencia=no, cuando se guarda, entonces el sistema no exige los campos de licencia y los deja vacíos/no aplica. | E201: TC-CEPA-062-002 | F201: RN-1
A202: CEPA-062 | B202: AC | C202: CA-3 | D202: Dado que se ingresa el GAF, cuando el valor está fuera del rango 0–100, entonces el sistema lo rechaza e informa el rango válido. | E202: TC-CEPA-062-003 | F202: RN-3
A203: CEPA-062 | B203: AC | C203: CA-4 | D203: Dado que registra el estado RECA y observaciones generales, cuando guarda el control, entonces se persisten y son visibles en la vista de gestión y para el Auditor. | E203: TC-CEPA-062-004 | F203: RN-5
...

Sheet Resumen Ejecutivo
A1: Test Cases & RTM — Sistema CEPA — generado 2026-07-02
A3: Total Test Cases | B3: =COUNTA('Test Cases'!B2:B403)
A4: Historias de usuario cubiertas | B4: =SUMPRODUCT((COUNTIF(RTM!A2:A403,RTM!A2:A403)>0)/COUNTIF(RTM!A2:A403,RTM!A2:A403))
A6: Por Categoría
A7: Business Rules | B7: =COUNTIF('Test Cases'!C2:C403,"Business Rules")
A8: Data Integrity | B8: =COUNTIF('Test Cases'!C2:C403,"Data Integrity")
A9: Functional | B9: =COUNTIF('Test Cases'!C2:C403,"Functional")
A10: Integration | B10: =COUNTIF('Test Cases'!C2:C403,"Integration")
A11: Performance | B11: =COUNTIF('Test Cases'!C2:C403,"Performance")
A12: Regression | B12: =COUNTIF('Test Cases'!C2:C403,"Regression")
A13: Security | B13: =COUNTIF('Test Cases'!C2:C403,"Security")
A14: UI/UX | B14: =COUNTIF('Test Cases'!C2:C403,"UI/UX")
A16: Por Prioridad
A17: P0 | B17: =COUNTIF('Test Cases'!M2:M403,"P0")
A18: P1 | B18: =COUNTIF('Test Cases'!M2:M403,"P1")
A19: P2 | B19: =COUNTIF('Test Cases'!M2:M403,"P2")
A21: Por Severidad
A22: Critical | B22: =COUNTIF('Test Cases'!N2:N403,"Critical")
A23: Major | B23: =COUNTIF('Test Cases'!N2:N403,"Major")
A24: Medium | B24: =COUNTIF('Test Cases'!N2:N403,"Medium")
A25: Low | B25: =COUNTIF('Test Cases'!N2:N403,"Low")
A27: Por Épica
A28: EPIC-00 | B28: =COUNTIF('Test Cases'!A2:A403,"EPIC-00")
A29: EPIC-01 | B29: =COUNTIF('Test Cases'!A2:A403,"EPIC-01")
A30: EPIC-02 | B30: =COUNTIF('Test Cases'!A2:A403,"EPIC-02")
A31: EPIC-03 | B31: =COUNTIF('Test Cases'!A2:A403,"EPIC-03")
A32: EPIC-04 | B32: =COUNTIF('Test Cases'!A2:A403,"EPIC-04")
A33: EPIC-05 | B33: =COUNTIF('Test Cases'!A2:A403,"EPIC-05")
A34: EPIC-06 | B34: =COUNTIF('Test Cases'!A2:A403,"EPIC-06")
A35: EPIC-07 | B35: =COUNTIF('Test Cases'!A2:A403,"EPIC-07")
A36: EPIC-08 | B36: =COUNTIF('Test Cases'!A2:A403,"EPIC-08")
A37: EPIC-09 | B37: =COUNTIF('Test Cases'!A2:A403,"EPIC-09")
A38: EPIC-10 | B38: =COUNTIF('Test Cases'!A2:A403,"EPIC-10")
A39: EPIC-11 | B39: =COUNTIF('Test Cases'!A2:A403,"EPIC-11")
A40: EPIC-12 | B40: =COUNTIF('Test Cases'!A2:A403,"EPIC-12")
A42: Ejecución
A43: Pass | B43: =COUNTIF('Test Cases'!L2:L403,"Pass")
A44: Fail | B44: =COUNTIF('Test Cases'!L2:L403,"Fail")
A45: Blocked | B45: =COUNTIF('Test Cases'!L2:L403,"Blocked")
